{"cameraMode":{"drawMode":0,"name":"Shaded","section":"Shading Mode"},"sceneLighting":true,"audioPlay":false,"sceneViewState":{"m_AlwaysRefresh":false,"showFog":true,"showSkybox":true,"showFlares":true,"showImageEffects":true,"showParticleSystems":true,"showVisualEffectGraphs":true,"m_FxEnabled":true},"in2DMode":false,"pivot":{"x":0.5598921179771423,"y":1.574650764465332,"z":-0.8937839865684509},"rotation":{"x":-0.07795310020446778,"y":0.08487305045127869,"z":-0.006629754789173603,"w":-0.9933944940567017},"size":0.820675790309906,"orthographic":false}